Skill Name,Invocation Name,Category,baseline_risk_score,llm_composite,llm_reasoning
Deloitte Podcasts,deloitte podcasts,Business & Finance,0.2909221506632314,4,"The invocation name 'deloitte podcasts' is moderately generic, as it includes the company name and a common phrase. However, it's not extremely common or ambiguous. There is some risk of semantic confusion with other business-related skills, but it's manageable. The squatting risk is moderate due to the simplicity of the name."
Amateur Radio Newsline,amateur radio newsline,News,0.2102823428603458,4,"The invocation name 'amateur radio newsline' is somewhat generic, as it describes a specific topic (Amateur Radio) and format (news). However, the phrase is not overly common or widely used. The ambiguity risk is low because the meaning of the phrase is clear from its description. There is some semantic confusion risk due to the similarity with other skills that may be related to radio or news. Squatting risk is moderate as an attacker could create a similar-sounding name, but it would require some effort and creativity. Overall, while there are some risks, they are not severe enough to warrant significant concern."
Daily Pidgin,daily pidgin,Novelty and Humor,0.1905282098435654,4,"The invocation name 'daily pidgin' is somewhat generic, as it could be related to various daily phrases or activities. However, the ambiguity risk is low since the phrase is specific and not easily confused with other meanings. The semantic confusion risk is moderate due to the possibility of users mispronouncing or paraphrasing the name. Squatting risk is moderate as well, given the simplicity of the name. Overall, while there are some risks involved, they are manageable."
Barrys depressing thoughts,barrys depressing thoughts,Novelty and Humor,0.1975286205309585,4,"The invocation name is very generic and common, making it easy to mispronounce or paraphrase. The ambiguity risk is moderate due to the possibility of users saying 'Alexa, barry's depressing thoughts' instead of the exact phrase. There is a low semantic confusion risk since the skill category is Novelty and Humor, which is distinct from other categories. However, squatting risk is high as an attacker could easily create a malicious skill with a similar name, such as 'barrysdepressingthoughts'. Overall, the risk is moderate to high due to the combination of these factors."
This or That,this or that,Novelty and Humor,0.2046718411040519,4,"The invocation name 'this or that' is very generic and common, making it prone to mispronunciation, abbreviation, or paraphrasing. The ambiguity risk is moderate due to the possibility of users providing options with different meanings (e.g., 'tea or coffee' vs. 'Yoga or weight lifting'). While there is a low semantic confusion risk since the name doesn't closely resemble other skills, the squatting risk is high due to the ease of creating malicious variants that could be used for phishing or other attacks."
BortRenfro,best yellow character,Novelty and Humor,0.2172811249942173,4,"The invocation name 'best yellow character' is somewhat generic, as it could refer to various characters in different contexts. The ambiguity risk is low because the phrase is specific and unlikely to be misinterpreted. However, there is a moderate semantic confusion risk due to the possibility of users confusing this skill with other skills that have similar names or descriptions. The squatting risk is high because an attacker could easily create a malicious variant by modifying the name slightly."
Upper Cumberland News,upper cumberland news,News,0.1928357271682539,4,"The invocation name 'upper cumberland news' is somewhat generic, as it could be applied to multiple news sources. However, the ambiguity risk is low since the name is specific to a geographic region and news source. The semantic confusion risk is moderate due to the possibility of users mispronouncing or paraphrasing the name. Squatting risk is moderate because an attacker could create a similar-sounding skill with a malicious intent. Overall, while there are some risks, they are not extremely high."
Policy And Medicine,policy med update,News,0.2059192891276836,4,"The invocation name 'policy med update' is moderately generic, as it could be related to various policy and medicine updates. However, the ambiguity risk is low since the meaning is relatively clear. The semantic confusion risk is moderate due to the possibility of being confused with other skills or topics. The squatting risk is high because an attacker could easily create a malicious variant like 'policy medical update' or 'med policy update'. Overall, the risk is moderate-high due to the potential for misinterpretation and imitation."
Tottenham Trivia,tottenham trivia,News,0.2318397057532998,4,"The invocation name 'tottenham trivia' is moderately generic, as it references a specific football club. However, the ambiguity risk is low since there are no other plausible meanings or interpretations. The semantic confusion risk is moderate due to the possibility of users mispronouncing or paraphrasing the name. Squatting risk is also moderate, as an attacker could create a similar-sounding name like 'tottenham trivia 2' or 'spurs trivia'. Overall, while there are some risks, they are not severe enough to warrant significant concern."
Case Hand I.Q. Quiz,case hand i. q. quiz,Shopping,0.2318014806637301,4,"The invocation name is somewhat generic, as 'i.q.' could be interpreted in various ways. However, the presence of 'Case Hand' and 'Quiz' makes it less ambiguous. There's a moderate risk of semantic confusion with other skills, especially those related to shopping or quizzes. Squatting risk is moderate due to the simplicity of the name. Overall, while not extremely high-risk, this invocation name requires some caution."
dejavufm,deja vu f. m.,Music and Audio,0.1589960816545162,4,"The invocation name 'deja vu f. m.' is moderately generic, as it references a common concept ( déjà vu) and a specific format (FM radio). The ambiguity risk is low because the meaning of the phrase is clear. However, there is a moderate semantic confusion risk due to the similarity with other skills or phrases that may be confused with this one. The squatting risk is high because an attacker could easily create a malicious skill with a similar name, such as 'deja vu fm radio' or 'f m deja vu'. Overall, while not extremely risky, this invocation name has some vulnerabilities."
paNASH Career Blog by Lori,lori's career blog,Music and Audio,0.1783470006751333,4,"The invocation name 'lori's career blog' is moderately generic, as it contains a common name and a descriptive phrase. The ambiguity risk is low because the name is specific to Lori Bumgarner and her career coaching expertise. However, there is a moderate semantic confusion risk due to the presence of the word 'blog', which could be confused with other skills or topics. Squatting risk is moderate as well, as an attacker might try to create a similar-sounding skill name. Overall, while not extremely high-risk, this invocation name requires some caution."
Viva la Voce,viva la voce,Music and Audio,0.1859467790157911,4,"The invocation name 'viva la voce' is somewhat generic, as it references a common Italian phrase. However, the ambiguity risk is low since there are no multiple plausible meanings or interpretations. The semantic confusion risk is moderate due to the possibility of users confusing this skill with other music-related skills. Squatting risk is medium-high because an attacker could easily create a malicious variant by modifying the name slightly."
Ambazonia Radio,ambazonia radio,Music and Audio,0.2096237247614825,4,"The invocation name 'ambazonia radio' is moderately generic, as it refers to a specific geographic region. However, the ambiguity risk is low because the name is not easily misinterpreted. The semantic confusion risk is moderate due to the possibility of users confusing this skill with other music or audio skills. The squatting risk is high because an attacker could easily create a malicious variant by adding or modifying words."
Your Favorite 98 Q WTCQ,your favorite ninety eight q. w. t. c. q.,Music and Audio,0.2103183618404978,4,"The invocation name is very generic and could be easily mispronounced or abbreviated, increasing the risk of accidental activation. The use of numbers (98) and letters (Q) may lead to ambiguity in interpretation. While it's unlikely to be confused with other skills, the squatting risk is high due to the simplicity of the name. Overall, this skill has a moderate to high risk profile."
Radio Private Detective,radio private detective,Music and Audio,0.2575245231368676,4,"The invocation name 'radio private detective' is somewhat generic, as it could be applied to various radio shows or podcasts. However, the ambiguity risk is low since the name is specific and unlikely to be misinterpreted. The semantic confusion risk is moderate due to the possibility of users confusing this skill with other music or audio skills. Squatting risk is moderate because an attacker could create a similar-sounding name, such as 'radio detective' or 'private eye radio'. Overall, while there are some risks, they are not extremely high."
Discount Contacts Reorder,discount contacts,Shopping,0.2430142413149634,4,"The invocation name 'discount contacts' is somewhat generic, as it could be related to other contact lens or eyewear services. However, the ambiguity risk is low since the context of the skill (reordering contacts) helps disambiguate the meaning. The semantic confusion risk is moderate due to the possibility of users mistaking this skill for another shopping-related skill. Squatting risk is moderate as well, given the simplicity and commonality of the name. Overall, while there are some risks involved, they can be mitigated with proper user education and skill description."
Smart4alarm,skynet,Smart Home,0.2617512606397916,4,"The invocation name 'skynet' is moderately generic, as it's a well-known term in popular culture. However, it's not immediately obvious that this skill is related to home security. There's low ambiguity risk since the context of the skill is clear once the user enables it. The semantic confusion risk is moderate because users might confuse it with other skills or services. Squatting risk is high due to the simplicity and recognizability of the name, making it an attractive target for malicious variants."
Farmington Hills Attractions,farmington hills attractions,Local,0.1854116110312761,4,"The invocation name 'farmington hills attractions' is moderately generic, as it refers to a specific location. However, the ambiguity risk is low because the name clearly indicates its purpose. The semantic confusion risk is moderate due to the possibility of users mispronouncing or paraphrasing the name. Squatting risk is moderate because an attacker could create a similar-sounding name, such as 'farmington attractions' or 'hills attractions'. Overall, while there are some risks, they are not severe enough to warrant significant concern."
NAUTIC-ON,nautic on,Utilities,0.2509339821370184,4,"The invocation name 'nautic on' is somewhat generic, as it could be interpreted as a command to activate or turn something on. However, the ambiguity risk is low because the context of boating and smart technology helps disambiguate the meaning. The semantic confusion risk is moderate due to the possibility of users mistaking this skill for another related to navigation or control systems. The squatting risk is high because an attacker could easily create a malicious variant like 'nautic off' or 'nav on', which could be used to exploit vulnerabilities in other skills."
Cruel Work Assistant,cruel work assistant,productivity,0.1967106784921019,4,"The invocation name 'cruel work assistant' is moderately generic, as it describes a common productivity skill. However, its ambiguity risk is high due to the use of strong language and potential misinterpretation by users or attackers. The semantic confusion risk is moderate, as the name may be confused with other skills that offer similar functionality. Squatting risk is high, as an attacker could easily create a malicious variant with a similar-sounding name."
Timesheet support,time sheet support,productivity,0.2324515526174698,4,"The invocation name 'time sheet support' is somewhat generic, as it's a common phrase used in various contexts. However, the ambiguity risk is low since the meaning of this phrase is relatively clear. There is a moderate semantic confusion risk due to the similarity with other productivity-related skills. Squatting risk is moderate as well, as an attacker could create a malicious skill with a similar name. Overall, while not extremely high-risk, this invocation name requires some caution."
Day of the Week Calculator,day of the week calculator,productivity,0.2440696463833715,4,"The invocation name is somewhat generic, as 'day of the week calculator' could be used to describe other skills. However, it's not extremely common or ambiguous. There is a moderate risk of semantic confusion with other productivity-related skills. Squatting risk is moderate due to the simplicity and clarity of the name. Overall, while there are some risks, they are manageable."
Sleep Lighting Timer,sleep lighting timer,productivity,0.2602358968634469,4,"The invocation name 'sleep lighting timer' is somewhat generic, as it describes a common use case. However, the ambiguity risk is low because the phrase is specific and easy to understand. The semantic confusion risk is moderate due to the possibility of users mistaking this skill for another sleep-related or timer-related skill. Squatting risk is moderate because an attacker could create a similar-sounding name like 'sleep lighting timers' or 'slumber timer'. Overall, while there are some risks, they are not extremely high."
Clothing Size Converter,clothing sizes,Utilities,0.2228156191703202,4,"The invocation name 'clothing sizes' is somewhat generic, as it's a common phrase used in everyday conversation. However, the ambiguity risk is low since the context of the skill (converting clothing sizes) helps disambiguate the meaning. The semantic confusion risk is moderate due to the possibility of users mistaking this skill for another utility skill. Squatting risk is moderate as well, given the simplicity and commonality of the name. Overall, while there are some risks involved, they can be mitigated with proper user education and skill description."
Phone Number Detail,phone number detail,Utilities,0.2437558495757191,4,"The invocation name 'phone number detail' is somewhat generic, as it's a common phrase used in everyday conversation. The ambiguity risk is high because the name could be interpreted as asking for details about any phone number, not just those related to the skill's functionality. There is low semantic confusion risk since the category is Utilities and the description clearly indicates what the skill does. Squatting risk is moderate due to the simplicity of the name. Overall, while there are some risks, they can be mitigated with proper testing and user education."
Gravity Correct,gravity correct,Utilities,0.2696431738148019,4,"The invocation name 'gravity correct' is somewhat generic, as it could be related to various concepts (e.g., physics, health). The ambiguity risk is low because the meaning of the phrase is clear. However, there's a moderate semantic confusion risk due to the similarity with other skills or phrases that might be confused with this skill. Squatting risk is high because an attacker could easily create a malicious variant like 'gravity check' or 'gravity fix'. Overall, the risk is moderate-high."
Conga Cecotec,conga cecotec,Smart Home,0.1595678400853881,4,"The invocation name 'conga cecotec' is somewhat generic, as it contains a common word ('conga') and a brand name. However, the combination of words makes it less likely to be confused with other skills. The risk of ambiguity is low, as the meaning of the skill is clear from its description. There is some semantic confusion risk due to the presence of 'cecotec' in the name, which could lead users to confuse this skill with others that share similar names. Squatting risk is moderate, as an attacker could try to create a malicious variant by replacing 'conga' with another word. Overall, while there are some risks present, they are not severe enough to warrant a high overall risk score."
Siren Marine,siren marine,Utilities,0.2709095756286135,4,"The invocation name 'siren marine' is somewhat generic, as it could be interpreted as a reference to the mythical Sirens or a marine-related service. The ambiguity risk is low because the context of the skill (boat status) helps disambiguate the meaning. However, there is a moderate semantic confusion risk due to the similarity with other skills or services that may not be related to boats. The squatting risk is high because an attacker could easily create a malicious skill with a similar name, such as 'siren marina' or 'marine sirens'. Overall, while the risk is not extremely high, it is still significant and warrants caution."
París: Guía de viaje,guía de parís,Travel and Transportation,0.1956226051508909,4,"The invocation name 'guía de París' is somewhat generic, as it refers to a specific city guide. However, the ambiguity risk is low since it's unlikely that users would misinterpret this phrase. The semantic confusion risk is moderate, as there might be other skills or services with similar names. Squatting risk is also moderate, as an attacker could create a malicious skill with a similar name. Overall, while not extremely high-risk, the invocation name 'guía de París' still presents some potential security and usability concerns."
Cozumel Facts,cozumel facts,Travel and Transportation,0.2929130995668447,4,"The invocation name 'cozumel facts' is somewhat generic, as it only refers to a specific island. However, the ambiguity risk is low because there are no other common phrases or words that would cause confusion. The semantic confusion risk is moderate because another skill with a similar name could be created, but it's not likely to cause significant issues. Squatting risk is moderate due to the simplicity of the name and its potential for malicious variants. Overall, while there are some risks, they are manageable."
West Ham United Songs,west ham united songs,Sports,0.2038906566160906,4,"The invocation name is specific to a sports team, which reduces genericity risk. However, the use of 'united' and 'songs' could lead to ambiguity if users mispronounce or paraphrase. The name may also be confused with other skills related to music or sports. Squatting risk is moderate due to the potential for similar-sounding names. Overall, while there are some risks, they are not severe enough to warrant a high overall risk score."
Best Childcare Providers Las Vegas  Nevada  Nearby,best childcare providers las vegas,Social,0.1827322693750592,4,"The invocation name is very generic, making it prone to misinterpretation. The phrase 'best childcare providers' could be used in various contexts, increasing ambiguity risk. While the addition of 'las vegas' provides some specificity, it's still possible for users or attackers to create similar-sounding names. Squatting risk is high due to the simplicity and commonality of the name."
Mindfulness and Meditation Chatbot,toxic relationship quiz,Social,0.223730188319553,4,"The invocation name 'toxic relationship quiz' is moderately generic, as it's a common topic of discussion. The ambiguity risk is high due to the multiple possible meanings and interpretations of the phrase. There is also a moderate semantic confusion risk, as users may confuse this skill with other mental health or wellness-related skills. Squatting risk is high, as an attacker could easily create a malicious variant by modifying the name slightly."
Informed Voter,informed voter,Local,0.1459132933933227,4,"The invocation name 'informed voter' is somewhat generic, as it describes a common goal or intention. However, the ambiguity risk is low because the phrase is not easily misinterpreted. The semantic confusion risk is moderate due to the possibility of confusing this skill with other voting-related skills. Squatting risk is moderate because an attacker could create a malicious variant like 'informedvoter' or 'informd voter'. Overall, while there are some risks, they are manageable and do not pose a significant threat."
Twin Cities Transit,twin cities transit,Local,0.2061413946919569,4,"The invocation name 'twin cities transit' is somewhat generic, as it refers to a specific geographic region. However, the ambiguity risk is low because the name clearly indicates its purpose. The semantic confusion risk is moderate due to the possibility of users mistaking this skill for another local transit-related skill. Squatting risk is moderate as well, given the simplicity and recognizability of the name."
Flip Talk Podcast,flip talk podcast,Communication,0.2867040917120517,4,"The invocation name 'flip talk podcast' is somewhat generic, as it combines common words and phrases. However, the ambiguity risk is low because the name is specific to a particular topic (real estate) and doesn't have multiple plausible meanings. The semantic confusion risk is moderate because there might be other skills or topics related to real estate that could be confused with this skill. Squatting risk is moderate as well, as an attacker could try to create a malicious variant by adding/removing words or using similar-sounding names."
Gingerbread House Build Helper,gingerbread house helper,Education & Reference,0.1708069656174496,4,"The invocation name 'gingerbread house helper' is somewhat generic, as it's a common phrase used in everyday language. However, the ambiguity risk is low since the skill's description and category (Education & Reference) provide context. The semantic confusion risk is moderate due to the possibility of users mistaking this skill for another related to cooking or crafting. Squatting risk is moderate as well, given the simplicity of the name. Overall, while there are some risks involved, they can be mitigated with proper user education and skill description."
Sound of the Color of the Year,sound of the color of the year,Game and Trivia,0.2511975423251804,4,"The invocation name is somewhat generic, as 'sound of the color' could be used in various contexts. However, it's not extremely common or ambiguous. There is a moderate risk of semantic confusion with other skills that might have similar names. The squatting risk is moderate due to the possibility of malicious variants. Overall, while there are some risks, they are manageable and do not pose significant threats."
Friday Harbor WA City Guide,friday harbor city guide,Food and Drink,0.2184989862306882,4,"The invocation name 'friday harbor city guide' is somewhat generic, as it describes a specific location and type of content. However, the ambiguity risk is low because the name clearly indicates its purpose. The semantic confusion risk is moderate due to the possibility of users mistaking this skill for another related to travel or tourism. Squatting risk is moderate because an attacker could create a similar-sounding name, such as 'fridayharborcitytour'. Overall, while there are some risks, they are not extremely high."
pizza or chinese,pizza or chinese,Food and Drink,0.2399148243914541,4,"The invocation name is very generic and common, making it easy to mispronounce or abbreviate. The ambiguity risk is moderate due to the possibility of users saying 'pizza' when they mean 'order pizza'. There's a low semantic confusion risk since the category is Food and Drink, but a higher squatting risk as attackers could create similar-sounding names like 'pizzza' or 'chinsee'. Overall, the risk is moderate-high."
Vegetable Paniyaram,vegetable paniyaram,Food and Drink,0.2622657398579308,4,"The name 'Vegetable Paniyaram' is somewhat generic, as it describes a specific type of dish. However, the ambiguity risk is low since the name is quite descriptive and unlikely to be misinterpreted. The semantic confusion risk is moderate, as there may be other skills or content related to food or cooking that could be confused with this skill. Squatting risk is moderate due to the uniqueness of the name, but an attacker might still try to create a similar-sounding or -looking name. Overall, while not extremely high-risk, this name does present some potential issues."
lenguaje inclusivo,lenguaje inclusivo,Education & Reference,0.1575095627159178,4,"The invocation name 'lenguaje inclusivo' is somewhat generic, as it refers to a specific concept (inclusive language). However, the ambiguity risk is low since the meaning of the phrase is clear. The semantic confusion risk is moderate due to the possibility of users mispronouncing or paraphrasing the name. Squatting risk is also moderate, as an attacker could create a similar-sounding name. Overall, while there are some risks, they are not severe enough to warrant significant concern."
Mitch Rapp books,mitch rapp,Education & Reference,0.1575310239991205,4,"The invocation name 'mitch rapp' is moderately generic, as it references a well-known fictional character. There is no ambiguity in the meaning of this name. However, there is a risk of semantic confusion with other skills or services that may be related to Mitch Rapp's character. The squatting risk is moderate, as an attacker could create a malicious skill with a similar-sounding invocation name."
Percy Bysshe Shelley Quotes,percy bysshe shelley quotes,Education & Reference,0.1809162846197873,4,"The invocation name is somewhat generic, as 'Percy Bysshe Shelley' is a well-known poet. However, the addition of 'quotes' makes it less ambiguous. There is some risk of semantic confusion with other skills that provide quotes or educational content. Squatting risk is moderate due to the potential for attackers to create similar-sounding names. Overall, while not extremely high-risk, this invocation name requires careful consideration."
Calf Stretch Assistant,calf stretch assistant,Health and Fitness,0.2457649550640509,4,"The invocation name 'calf stretch assistant' is somewhat generic, as it describes a common activity. However, the ambiguity risk is low because the phrase is specific to calf stretching and unlikely to be misinterpreted. The semantic confusion risk is moderate due to the similarity with other health-related skills. Squatting risk is moderate because an attacker could create a similar-sounding name like 'calves stretch assistant'. Overall, while there are some risks, they are not severe enough to warrant significant concern."
DW Learn German Quiz,d. w. learn german quiz,Education & Reference,0.2118833741166641,4,"The invocation name 'd. w. learn german quiz' is moderately generic, as it contains the words 'learn' and 'quiz', which are common in many skills. However, the use of initials ('d.' and 'w.') adds some uniqueness. The ambiguity risk is low because the name is straightforward and easy to understand. There is a moderate semantic confusion risk due to the presence of similar-sounding skill names. Squatting risk is moderate as well, as an attacker could create a malicious variant with slight modifications (e.g., 'd-w-learn-german-quizz'). Overall, while there are some risks present, they can be mitigated by implementing robust invocation name validation and monitoring."
multinational conglomerate company facts,multinational conglomerate company facts,Connected_car,0.2472602949328886,4,The invocation name is very generic and could be easily mispronounced or abbreviated. The ambiguity risk is moderate due to the possibility of users paraphrasing the name. There is a high semantic confusion risk as the name could be confused with other skills that provide similar information. Squatting risk is high as it would be easy for an attacker to create a malicious variant.
Hustle And Flowchart,hustle flowchart podcast,Communication,0.2088557440666646,4,"The invocation name 'hustle flowchart podcast' is somewhat generic, as it combines common words and phrases. However, the presence of 'podcast' makes it less ambiguous than a purely descriptive name. There is some risk of semantic confusion with other skills that involve conversations or interviews. Squatting risk is moderate due to the combination of words. Overall, while not extremely high-risk, this invocation name could benefit from additional uniqueness."
Weeks to Fitness,six weeks fitness,Communication,0.212543843502973,4,"The invocation name 'six weeks fitness' is somewhat generic, as it could be related to various fitness-related topics. However, the ambiguity risk is low since the name is specific and not easily confused with other meanings. The semantic confusion risk is moderate due to the possibility of users mispronouncing or paraphrasing the name. Squatting risk is moderate as well, as an attacker might create a similar-sounding name like 'six week fitness' or 'fitness weeks'. Overall, while there are some risks involved, they can be mitigated with proper skill naming and user education."
Zen Parenting Radio Podcast,zen parenting radio podcast,Communication,0.2248318201316412,4,"The invocation name is moderately generic, as it includes common words like 'Zen' and 'Parenting'. However, the addition of 'Radio Podcast' makes it less ambiguous. There is a moderate risk of semantic confusion with other skills that have similar names or themes. Squatting risk is moderate due to the simplicity of the name. Overall, while there are some risks, they are not extremely high."
The Geek State,the geek state,Communication,0.2810122992664319,4,"The Geek State has a moderate genericity risk due to its descriptive name. The ambiguity risk is low as the name is straightforward and easy to understand. There's a moderate semantic confusion risk, as users might confuse it with other pop culture or entertainment-related skills. Squatting risk is also moderate, as an attacker could create a similar-sounding skill name. Overall, while not extremely high-risk, The Geek State has some vulnerabilities that require attention."
Today's Health Tip,today's health tip,Health and Fitness,0.2599366214610963,4,"The invocation name 'today's health tip' is somewhat generic, as it describes a common topic. However, the ambiguity risk is low because the phrase is specific and unlikely to be misinterpreted. The semantic confusion risk is moderate due to the similarity with other skills that provide daily tips or advice. Squatting risk is moderate because an attacker could create a similar-sounding name, such as 'todays healthtips' or 'healthytips today'. Overall, while there are some risks, they are not extremely high."
Back Pain Tips,back pain tips,Health and Fitness,0.2398949782933705,4,"The invocation name 'back pain tips' is somewhat generic, as it's a common phrase used in everyday language. However, the ambiguity risk is low since the skill's purpose is clearly stated. The semantic confusion risk is moderate due to the existence of other skills with similar names. Squatting risk is moderate as well, given the simplicity and familiarity of the name. Overall, while not extremely high-risk, this invocation name requires some caution."
Yamanote Line,yamanote line,Local,0.2264590259134164,4,"The invocation name 'yamanote line' is somewhat generic, as it refers to a specific railway line. However, the ambiguity risk is low since there are no other common phrases or words that would cause confusion. The semantic confusion risk is moderate because another skill with a similar theme could be created. Squatting risk is moderate due to the simplicity of the name. Overall, while not extremely high-risk, this invocation name requires some caution."
"Rainfall for Echo Show, Echo Spot",my rainfall,Home services,0.239861031877526,4,"The invocation name 'my rainfall' is somewhat generic, as it's a common phrase used in everyday conversation. However, the addition of 'my' makes it less ambiguous than a purely descriptive name like 'rainfall'. There is some risk of semantic confusion with other skills that involve weather or screensavers. Squatting risk is moderate due to the simplicity and recognizability of the name."
Emerson College Radio,emerson college radio,Local,0.247554813926278,4,"The invocation name 'emerson college radio' is moderately generic, as it includes the name of a specific institution. However, it's not extremely common and may be easily confused with other skills or stations. The risk of ambiguity is low, as the meaning is clear from the context. There is some semantic confusion risk due to the similarity in naming conventions with other radio stations. Squatting risk is moderate, as an attacker could create a malicious skill with a similar name. Overall, while there are some risks, they are not extremely high."
Bay Area Bike Share,bay area bike share,Local,0.2580185763015664,4,"The invocation name 'bay area bike share' is somewhat generic, as it describes a specific geographic region and a common activity. However, the ambiguity risk is low because the phrase is not easily misinterpreted. The semantic confusion risk is moderate due to the possibility of users confusing this skill with other local or transportation-related skills. Squatting risk is moderate because an attacker could create a similar-sounding name like 'bay area bike' or 'bike share'. Overall, while there are some risks, they are not severe enough to warrant significant concern."
Los mejores chistes,los mejores chistes,Kids,0.1898415247805493,4,"The invocation name 'los mejores chistes' is very generic and common in Spanish, making it prone to mispronunciation or paraphrasing. While the ambiguity risk is low due to the specific topic of jokes, there is a moderate semantic confusion risk as users may confuse this skill with other humor-related skills. The squatting risk is high due to the simplicity and recognizability of the name."
Amazon Storytime,amazon storytime,Kids,0.2197073717387149,4,"The invocation name 'amazon storytime' is somewhat generic, as it combines a well-known brand with a common activity. However, the ambiguity risk is low because the phrase is not easily misinterpreted. The semantic confusion risk is moderate due to the presence of other skills that may be confused with this one. Squatting risk is moderate because an attacker could create a similar-sounding name like 'amazon storytime plus' or 'storytime pro'. Overall, while there are some risks, they are not extremely high."
El Paso Garbage Collection,el paso recycling services,Home services,0.2106183260221154,4,"The invocation name 'el paso recycling services' is moderately generic, as it references a specific city and service. However, the phrase 'recycling services' could be interpreted in various ways, increasing ambiguity risk. The name may also be confused with other skills offering similar services or information. Squatting risk is high due to the ease of creating malicious variants or imitations."
Austin Resource Recovery Pickup Schedule,austin resource recovery,Home services,0.2138744121930804,4,"The invocation name is somewhat generic, as 'resource recovery' could apply to other cities or organizations. However, the inclusion of 'Austin' helps to reduce ambiguity. There is a moderate risk of semantic confusion with other skills that may have similar names, and squatting on this name by an attacker is relatively easy."
Release The Hounds,release the hounds,Home services,0.2449677636611106,4,"The invocation name 'release the hounds' is highly generic and could be easily mispronounced or paraphrased. The phrase has multiple plausible meanings, including a reference to a popular TV show, which may lead to ambiguity. While it's unlikely to be confused with other skills, its squatting risk is high due to its simplicity and familiarity. Overall, the risk is moderate-high."
Texas Children’s Urgent Care,texas children's urgent care,Health and Fitness,0.2194696018842911,4,"The invocation name is somewhat generic, as 'Texas Children's Urgent Care' could be applied to multiple healthcare providers. However, the ambiguity risk is low since it's a specific organization. The semantic confusion risk is moderate due to the possibility of users mistaking this skill for another health-related skill. Squatting risk is moderate because an attacker might create a similar-sounding name, but the overall risk remains relatively high due to the combination of these factors."
real estate three three seven one three,real estate three three seven one three,Home services,0.2503189861845292,4,"The invocation name is highly generic due to its numerical sequence, making it prone to misrecognition or paraphrasing. While the ambiguity risk is low since the name refers to a specific skill, there is a moderate semantic confusion risk as users may confuse this with other skills that involve real estate or property listings. The squatting risk is high due to the ease of creating similar-sounding or similar-looking names."
Remain Hours,remain hours,Home services,0.2683129777077053,4,"The invocation name 'remain hours' is somewhat generic, as it could be interpreted in various contexts. However, the ambiguity risk is low since the skill's description and category provide context. The semantic confusion risk is moderate due to the possibility of users mistaking this skill for another time-related service. Squatting risk is moderate because an attacker might create a similar-sounding name, but it would be difficult to convincingly mimic the original skill's functionality."
Fitbit,fitbit,Health and Fitness,0.1200551362289937,4,"The invocation name 'fitbit' is moderately generic, as it matches the brand name. However, there's low ambiguity risk since it's a well-known brand. There's moderate semantic confusion risk due to potential overlap with other health and fitness skills. Squatting risk is moderate, as an attacker could create a similar-sounding skill like 'fitbits' or 'fitbitting'. Overall, the risk is moderate-high due to the combination of these factors."
Mediktor,mediktor,Health and Fitness,0.162770727618756,4,"The name 'mediktor' is somewhat generic, but not extremely common. It's unlikely to be confused with other skills due to its unique combination of letters and syllables. However, it could potentially be mispronounced or abbreviated (e.g., 'medi' or 'ktor'). Additionally, the risk of squatting or creating malicious variants is moderate, as an attacker might try to create a similar-sounding name like 'mediktorx' or 'medikit'. Overall, while not extremely high-risk, this name requires some caution."
Birth Control Method Information,birth control method information,Health and Fitness,0.1926198863929907,4,"The invocation name is somewhat generic, as it's a common topic of discussion. However, the ambiguity risk is low since the name clearly conveys its purpose. The semantic confusion risk is moderate due to the possibility of users mistaking this skill for another health-related one. Squatting risk is moderate as well, given the simplicity and clarity of the name. Overall, while there are some risks involved, they can be mitigated with proper education and awareness."
Hu-Friedy Sharpening Assistant,hu friedy sharpening assistant,Health and Fitness,0.197280330422637,4,"The invocation name 'hu friedy sharpening assistant' is somewhat generic, as it contains common words like 'assistant' and 'sharpening'. However, the presence of 'Hu-Friedy', a specific brand name, reduces ambiguity risk. The name could be confused with other skills that involve assistants or sharpening tools. Squatting risk is moderate due to the simplicity of the invocation name. Overall, while there are some risks, they are not extremely high."
Space Weather Conditions from NOAA,check space condition,weather,0.2443097974883308,4,"The invocation name 'check space condition' is somewhat generic, as it could be used to describe various conditions in different contexts. However, the ambiguity risk is low because the phrase is specific and related to a particular topic (space weather). The semantic confusion risk is moderate because users may confuse this skill with other weather-related skills. Squatting risk is moderate due to the simplicity of the name. Overall, while there are some risks involved, they are not extremely high."
